{
	"info": {
		"_postman_id": "2e597f2f-8be5-48bc-9d97-d29978743b5e",
		"name": "Authors",
		"schema": "https://schema.getpostman.com/json/collection/v2.1.0/collection.json",
		"_exporter_id": "24270928"
	},
	"item": [
		{
			"name": "Get Authors",
			"event": [
				{
					"listen": "test",
					"script": {
						"exec": [
							"pm.test(\"Status code is 200\", function () {",
							"    pm.response.to.have.status(200);",
							"});",
							"pm.test(\"Objects inside response contain id\", function () {",
							"    pm.expect(pm.response.text()).to.include(\"id\");",
							"});",
							"pm.test(\"Objects inside response contain idBook\", function () {",
							"    pm.expect(pm.response.text()).to.include(\"idBook\");",
							"});",
							"pm.test(\"Objects inside response contain firstName\", function () {",
							"    pm.expect(pm.response.text()).to.include(\"firstName\");",
							"});",
							"pm.test(\"Objects inside response contain lastName\", function () {",
							"    pm.expect(pm.response.text()).to.include(\"lastName\");",
							"});"
						],
						"type": "text/javascript"
					}
				}
			],
			"request": {
				"method": "GET",
				"header": [],
				"url": {
					"raw": "https://fakerestapi.azurewebsites.net/api/v1/Authors",
					"protocol": "https",
					"host": [
						"fakerestapi",
						"azurewebsites",
						"net"
					],
					"path": [
						"api",
						"v1",
						"Authors"
					]
				}
			},
			"response": []
		},
		{
			"name": "Add Author",
			"event": [
				{
					"listen": "test",
					"script": {
						"exec": [
							"pm.test(\"Status code is 201\", function () {",
							"    pm.response.to.have.status(201);",
							"});",
							"pm.test(\"check firstName\", function () {",
							"    pm.expect(pm.response.text()).to.include(\"firstName\");",
							"});",
							"pm.test(\"check lastName\", function () {",
							"    pm.expect(pm.response.text()).to.include(\"lastName\");",
							"});",
							""
						],
						"type": "text/javascript"
					}
				}
			],
			"request": {
				"method": "POST",
				"header": [],
				"body": {
					"mode": "raw",
					"raw": "{\n  \"id\": 1,\n  \"idBook\": 2,\n   \"firstName\": \"Nourhan\",\n  \"lastName\": \"Osama\"\n}",
					"options": {
						"raw": {
							"language": "json"
						}
					}
				},
				"url": {
					"raw": "https://fakerestapi.azurewebsites.net/api/v1/Authors",
					"protocol": "https",
					"host": [
						"fakerestapi",
						"azurewebsites",
						"net"
					],
					"path": [
						"api",
						"v1",
						"Authors"
					]
				}
			},
			"response": []
		},
		{
			"name": "GetWithIdBook",
			"event": [
				{
					"listen": "test",
					"script": {
						"exec": [
							"pm.collectionVariables.set(\"idBook\", 1);",
							"//pm.collectionVariables.get(\"idBook\");",
							"console.log(pm.response.json().length)",
							"pm.test(\"Searching with valid idBook\", function () {",
							"for(var i=0; i<pm.response.json().length;i++){",
							"    pm.expect(pm.response.json()[i].idBook).to.equal(pm.collectionVariables.get(\"idBook\"))",
							"}});",
							"",
							""
						],
						"type": "text/javascript"
					}
				}
			],
			"request": {
				"method": "GET",
				"header": [],
				"url": {
					"raw": "https://fakerestapi.azurewebsites.net/api/v1/Authors/authors/books/{{idBook}}",
					"protocol": "https",
					"host": [
						"fakerestapi",
						"azurewebsites",
						"net"
					],
					"path": [
						"api",
						"v1",
						"Authors",
						"authors",
						"books",
						"{{idBook}}"
					]
				}
			},
			"response": []
		},
		{
			"name": "EditAuthors",
			"event": [
				{
					"listen": "test",
					"script": {
						"exec": [
							"pm.collectionVariables.set(\"id\", 1);",
							"pm.test(\"Data updated sucessfully\",function(){",
							"pm.expect(pm.response.json().idBook).to.equal(1);",
							"pm.expect(pm.response.json().firstName).to.equal(\"Habiba\");",
							"pm.expect(pm.response.json().lastName).to.equal(\"Mohammad\");",
							"});"
						],
						"type": "text/javascript"
					}
				}
			],
			"request": {
				"method": "PUT",
				"header": [],
				"body": {
					"mode": "raw",
					"raw": "{\n  \"id\" : {{id}},\n  \"idBook\": 1,\n  \"firstName\": \"Habiba\",\n  \"lastName\": \"Mohammad\"\n}",
					"options": {
						"raw": {
							"language": "json"
						}
					}
				},
				"url": {
					"raw": "fakerestapi.azurewebsites.net/api/v1/Authors/{{id}}",
					"host": [
						"fakerestapi",
						"azurewebsites",
						"net"
					],
					"path": [
						"api",
						"v1",
						"Authors",
						"{{id}}"
					]
				}
			},
			"response": []
		},
		{
			"name": "getWithId",
			"event": [
				{
					"listen": "test",
					"script": {
						"exec": [
							"pm.collectionVariables.set(\"id\", 1);",
							"pm.test(\"The author's data is changed in GET request\",function(){",
							"pm.expect(pm.response.json().idBook).to.equal(1);",
							"pm.expect(pm.response.json().firstName).to.equal(\"Habiba\");",
							"pm.expect(pm.response.json().lastName).to.equal(\"Mohammad\");",
							"});"
						],
						"type": "text/javascript"
					}
				}
			],
			"request": {
				"method": "GET",
				"header": [],
				"url": {
					"raw": "https://fakerestapi.azurewebsites.net/api/v1/Authors/{{id}}",
					"protocol": "https",
					"host": [
						"fakerestapi",
						"azurewebsites",
						"net"
					],
					"path": [
						"api",
						"v1",
						"Authors",
						"{{id}}"
					]
				}
			},
			"response": []
		},
		{
			"name": "DeleteAuthor",
			"request": {
				"method": "DELETE",
				"header": [],
				"url": {
					"raw": "https://fakerestapi.azurewebsites.net/api/v1/Authors/{{id}}",
					"protocol": "https",
					"host": [
						"fakerestapi",
						"azurewebsites",
						"net"
					],
					"path": [
						"api",
						"v1",
						"Authors",
						"{{id}}"
					]
				}
			},
			"response": []
		}
	],
	"variable": [
		{
			"key": "idBook",
			"value": "2"
		},
		{
			"key": "id",
			"value": "1"
		},
		{
			"key": "idBook",
			"value": ""
		}
	]
}