{
	"id": "039b97cb-3980-48ea-82e4-ce91f96edc72",
	"values": [
		{
			"key": "LastBoardID",
			"value": "1",
			"type": "default",
			"enabled": true
		},
		{
			"key": "FirstBoardID",
			"value": "1",
			"type": "any",
			"enabled": true
		},
		{
			"key": "boardId",
			"value": "1",
			"enabled": true
		},
		{
			"key": "FirstListID",
			"value": "",
			"type": "any",
			"enabled": true
		},
		{
			"key": "LastListID",
			"value": "",
			"type": "any",
			"enabled": true
		},
		{
			"key": "boardIdD",
			"value": "6371879c7ce0cc055c5113e6",
			"enabled": true
		},
		{
			"key": "boardIdD",
			"value": "",
			"type": "any",
			"enabled": true
		},
		{
			"key": "ListID",
			"value": "id}",
			"enabled": true
		},
		{
			"key": "ListID",
			"value": "",
			"type": "any",
			"enabled": true
		}
	],
	"name": "Globals",
	"_postman_variable_scope": "globals",
	"_postman_exported_at": "2022-11-20T23:16:06.449Z",
	"_postman_exported_using": "Postman/10.0.42"
}